{
   "report": "analysis",
   "version": "1.2",
   "productVersion": "9.0",
   "productRelease": "19.0.0.2",
   "options": [
      "--sourceAppServer=was855",
      "--sourceJava=ibm6",
      "--sourceJavaEE=ee6",
      "--targetAppServer=liberty",
      "--targetJava=ibm8",
      "--targetCloud=dockerIBMCloud",
      "--excludePackages=com.ibm,com.informix,com.microsoft,com.sybase,com.sun,java,javax,net,oracle,org,sqlj,_ibmjsp"
   ],
   "totalRulesFlagged": 9,
   "filesAffected": 88,
   "totalResults": 107,
   "severitySummary": [
      {
         "severity": "Severe",
         "totalRulesFlagged": 1,
         "totalResults": 6
      },
      {
         "severity": "Warning",
         "totalRulesFlagged": 5,
         "totalResults": 96
      },
      {
         "severity": "Information",
         "totalRulesFlagged": 3,
         "totalResults": 5
      }
   ],
   "applications": [
      "/opt/IBM/WebSphere/AppServer/profiles/Dmgr01/config/cells/donor1Cell02/applications/ICSBank_war.ear/ICSBank_war.ear"
   ],
   "rules": [
      {
         "ruleName": "Behavior change in month name formatting for some languages",
         "ruleId": "MonthFormattingNames",
         "severity": "Information",
         "category": "Java SE version migration / Java SE 8 compatibility impacts",
         "results": [
            {
               "fileName": "ICSBank_war.ear/ICSBank.war/WEB-INF/classes/com/jke/beans/TransactionBean.class",
               "details": [
                  {
                     "reference": "Constructor",
                     "match": "java.text.SimpleDateFormat.format(*)",
                     "lineNumber": 59
                  }
               ]
            },
            {
               "fileName": "ICSBank_war.ear/ICSBank.war/WEB-INF/lib/db2jcc4-10.1.jar/COM/ibm/db2/app/sqlejProcs.class",
               "details": [
                  {
                     "reference": "Method sqlejConvDateOut",
                     "match": "java.text.SimpleDateFormat.format(*)",
                     "lineNumber": 186
                  }
               ]
            }
         ]
      },
      {
         "ruleName": "Behavior change in rounding in NumberFormat and DecimalFormat format methods",
         "ruleId": "NumberFormatRounding",
         "severity": "Information",
         "category": "Java SE version migration / Java SE 8 compatibility impacts",
         "results": [
            {
               "fileName": "ICSBank_war.ear/ICSBank.war/WEB-INF/lib/junit.jar/junit/runner/BaseTestRunner.class",
               "details": [
                  {
                     "reference": "Method elapsedTimeAsString",
                     "match": "java.text.NumberFormat.format(double)",
                     "lineNumber": 147
                  }
               ]
            },
            {
               "fileName": "ICSBank_war.ear/ICSBank.war/WEB-INF/lib/junit.jar/junit/textui/ResultPrinter.class",
               "details": [
                  {
                     "reference": "Method elapsedTimeAsString",
                     "match": "java.text.NumberFormat.format(double)",
                     "lineNumber": 102
                  }
               ]
            }
         ]
      },
      {
         "ruleName": "Check for a behavior change for URLConnection, HttpURLConnection getInputStream method",
         "ruleId": "JREUrlConnectionGetInputStream",
         "severity": "Information",
         "category": "Java SE version migration / Java SE 7 compatibility impacts",
         "results": [
            {
               "fileName": "ICSBank_war.ear/ICSBank.war/WEB-INF/classes/com/jke/logic/StockQuoteLogic.class",
               "details": [
                  {
                     "reference": "Method getQuote",
                     "match": "java.net.URLConnection.getInputStream(*)",
                     "lineNumber": 32
                  }
               ]
            }
         ]
      },
      {
         "ruleName": "Databases",
         "ruleId": "DatabasesSQLRule",
         "severity": "Warning",
         "category": "Technology connectivity considerations for IBM Cloud",
         "results": [
            {
               "fileName": "ICSBank_war.ear/ICSBank.war/WEB-INF/classes/com/jke/db/connection/JKE_DB_DB2.class",
               "details": [
                  {
                     "reference": "Field fConnection",
                     "match": "java.sql",
                     "lineNumber": 0
                  }
               ]
            },
            {
               "fileName": "ICSBank_war.ear/ICSBank.war/WEB-INF/lib/db2jcc4-10.1.jar/COM/ibm/db2/app/DB2Struct.class",
               "details": [
                  {
                     "reference": "Constructor - Throws exception",
                     "match": "java.sql",
                     "lineNumber": 0
                  }
               ]
            }
         ]
      },
      {
         "ruleName": "Do not start unmanaged threads within the web or EJB container",
         "ruleId": "CreateThreadMethodsInWebOrEjbProject",
         "severity": "Warning",
         "category": "All application servers",
         "results": [
            {
               "fileName": "ICSBank_war.ear/ICSBank.war/WEB-INF/lib/junit.jar/junit/awtui/TestRunner.class",
               "details": [
                  {
                     "reference": "Method runSuite",
                     "match": "java.lang.Thread.start(*)",
                     "lineNumber": 512
                  }
               ]
            },
            {
               "fileName": "ICSBank_war.ear/ICSBank.war/WEB-INF/lib/junit.jar/junit/extensions/ActiveTestSuite.class",
               "details": [
                  {
                     "reference": "Method runTest",
                     "match": "java.lang.Thread.start(*)",
                     "lineNumber": 49
                  }
               ]
            },
            {
               "fileName": "ICSBank_war.ear/ICSBank.war/WEB-INF/lib/junit.jar/junit/swingui/TestRunner.class",
               "details": [
                  {
                     "reference": "Method doRunTest",
                     "match": "java.lang.Thread.start(*)",
                     "lineNumber": 719
                  }
               ]
            }
         ]
      },
      {
         "ruleName": "Handling application configuration in Docker containers",
         "ruleId": "DetectPropertiesFiles",
         "severity": "Warning",
         "category": "Docker (IBM Cloud Kubernetes Service)",
         "results": [
            {
               "fileName": "ICSBank_war.ear/ICSBank.war/JKEDB.properties",
               "details": [
                  {
                     "reference": null,
                     "match": "(.*)?\\.properties",
                     "lineNumber": 0
                  }
               ]
            },
            {
               "fileName": "ICSBank_war.ear/ICSBank.war/WEB-INF/classes/com/jke/db/connection/JKE_DB_Factory.class",
               "details": [
                  {
                     "reference": "Method createJKE_DB",
                     "match": "java.util.Properties.load(*)",
                     "lineNumber": 86
                  },
                  {
                     "reference": "Method createJKE_DB",
                     "match": "java.util.Properties.load(*)",
                     "lineNumber": 96
                  }
               ]
            },
            {
               "fileName": "ICSBank_war.ear/ICSBank.war/WEB-INF/lib/com.ibm.team.json_1.0.0.I200908182153.jar/OSGI-INF/l10n/plugin.properties",
               "details": [
                  {
                     "reference": null,
                     "match": "(.*)?\\.properties",
                     "lineNumber": 0
                  }
               ]
            },
            {
               "fileName": "ICSBank_war.ear/ICSBank.war/WEB-INF/lib/derby.jar/org/apache/derby/impl/jdbc/metadata.properties",
               "details": [
                  {
                     "reference": null,
                     "match": "(.*)?\\.properties",
                     "lineNumber": 0
                  }
               ]
            },
            {
               "fileName": "ICSBank_war.ear/ICSBank.war/WEB-INF/lib/derby.jar/org/apache/derby/impl/sql/catalog/metadata_net.properties",
               "details": [
                  {
                     "reference": null,
                     "match": "(.*)?\\.properties",
                     "lineNumber": 0
                  }
               ]
            },
            {
               "fileName": "ICSBank_war.ear/ICSBank.war/WEB-INF/lib/derby.jar/org/apache/derby/info/DBMS.properties",
               "details": [
                  {
                     "reference": null,
                     "match": "(.*)?\\.properties",
                     "lineNumber": 0
                  }
               ]
            },
            {
               "fileName": "ICSBank_war.ear/ICSBank.war/WEB-INF/lib/derby.jar/org/apache/derby/loc/m0_en.properties",
               "details": [
                  {
                     "reference": null,
                     "match": "(.*)?\\.properties",
                     "lineNumber": 0
                  }
               ]
            },
            {
               "fileName": "ICSBank_war.ear/ICSBank.war/WEB-INF/lib/derby.jar/org/apache/derby/loc/m10_en.properties",
               "details": [
                  {
                     "reference": null,
                     "match": "(.*)?\\.properties",
                     "lineNumber": 0
                  }
               ]
            },
            {
               "fileName": "ICSBank_war.ear/ICSBank.war/WEB-INF/lib/derby.jar/org/apache/derby/loc/m11_en.properties",
               "details": [
                  {
                     "reference": null,
                     "match": "(.*)?\\.properties",
                     "lineNumber": 0
                  }
               ]
            },
            {
               "fileName": "ICSBank_war.ear/ICSBank.war/WEB-INF/lib/derby.jar/org/apache/derby/loc/m12_en.properties",
               "details": [
                  {
                     "reference": null,
                     "match": "(.*)?\\.properties",
                     "lineNumber": 0
                  }
               ]
            },
            {
               "fileName": "ICSBank_war.ear/ICSBank.war/WEB-INF/lib/derby.jar/org/apache/derby/loc/m13_en.properties",
               "details": [
                  {
                     "reference": null,
                     "match": "(.*)?\\.properties",
                     "lineNumber": 0
                  }
               ]
            },
            {
               "fileName": "ICSBank_war.ear/ICSBank.war/WEB-INF/lib/derby.jar/org/apache/derby/loc/m14_en.properties",
               "details": [
                  {
                     "reference": null,
                     "match": "(.*)?\\.properties",
                     "lineNumber": 0
                  }
               ]
            },
            {
               "fileName": "ICSBank_war.ear/ICSBank.war/WEB-INF/lib/derby.jar/org/apache/derby/loc/m15_en.properties",
               "details": [
                  {
                     "reference": null,
                     "match": "(.*)?\\.properties",
                     "lineNumber": 0
                  }
               ]
            },
            {
               "fileName": "ICSBank_war.ear/ICSBank.war/WEB-INF/lib/derby.jar/org/apache/derby/loc/m16_en.properties",
               "details": [
                  {
                     "reference": null,
                     "match": "(.*)?\\.properties",
                     "lineNumber": 0
                  }
               ]
            },
            {
               "fileName": "ICSBank_war.ear/ICSBank.war/WEB-INF/lib/derby.jar/org/apache/derby/loc/m17_en.properties",
               "details": [
                  {
                     "reference": null,
                     "match": "(.*)?\\.properties",
                     "lineNumber": 0
                  }
               ]
            },
            {
               "fileName": "ICSBank_war.ear/ICSBank.war/WEB-INF/lib/derby.jar/org/apache/derby/loc/m18_en.properties",
               "details": [
                  {
                     "reference": null,
                     "match": "(.*)?\\.properties",
                     "lineNumber": 0
                  }
               ]
            },
            {
               "fileName": "ICSBank_war.ear/ICSBank.war/WEB-INF/lib/derby.jar/org/apache/derby/loc/m19_en.properties",
               "details": [
                  {
                     "reference": null,
                     "match": "(.*)?\\.properties",
                     "lineNumber": 0
                  }
               ]
            },
            {
               "fileName": "ICSBank_war.ear/ICSBank.war/WEB-INF/lib/derby.jar/org/apache/derby/loc/m1_en.properties",
               "details": [
                  {
                     "reference": null,
                     "match": "(.*)?\\.properties",
                     "lineNumber": 0
                  }
               ]
            },
            {
               "fileName": "ICSBank_war.ear/ICSBank.war/WEB-INF/lib/derby.jar/org/apache/derby/loc/m20_en.properties",
               "details": [
                  {
                     "reference": null,
                     "match": "(.*)?\\.properties",
                     "lineNumber": 0
                  }
               ]
            },
            {
               "fileName": "ICSBank_war.ear/ICSBank.war/WEB-INF/lib/derby.jar/org/apache/derby/loc/m21_en.properties",
               "details": [
                  {
                     "reference": null,
                     "match": "(.*)?\\.properties",
                     "lineNumber": 0
                  }
               ]
            },
            {
               "fileName": "ICSBank_war.ear/ICSBank.war/WEB-INF/lib/derby.jar/org/apache/derby/loc/m22_en.properties",
               "details": [
                  {
                     "reference": null,
                     "match": "(.*)?\\.properties",
                     "lineNumber": 0
                  }
               ]
            },
            {
               "fileName": "ICSBank_war.ear/ICSBank.war/WEB-INF/lib/derby.jar/org/apache/derby/loc/m23_en.properties",
               "details": [
                  {
                     "reference": null,
                     "match": "(.*)?\\.properties",
                     "lineNumber": 0
                  }
               ]
            },
            {
               "fileName": "ICSBank_war.ear/ICSBank.war/WEB-INF/lib/derby.jar/org/apache/derby/loc/m24_en.properties",
               "details": [
                  {
                     "reference": null,
                     "match": "(.*)?\\.properties",
                     "lineNumber": 0
                  }
               ]
            },
            {
               "fileName": "ICSBank_war.ear/ICSBank.war/WEB-INF/lib/derby.jar/org/apache/derby/loc/m25_en.properties",
               "details": [
                  {
                     "reference": null,
                     "match": "(.*)?\\.properties",
                     "lineNumber": 0
                  }
               ]
            },
            {
               "fileName": "ICSBank_war.ear/ICSBank.war/WEB-INF/lib/derby.jar/org/apache/derby/loc/m26_en.properties",
               "details": [
                  {
                     "reference": null,
                     "match": "(.*)?\\.properties",
                     "lineNumber": 0
                  }
               ]
            },
            {
               "fileName": "ICSBank_war.ear/ICSBank.war/WEB-INF/lib/derby.jar/org/apache/derby/loc/m27_en.properties",
               "details": [
                  {
                     "reference": null,
                     "match": "(.*)?\\.properties",
                     "lineNumber": 0
                  }
               ]
            },
            {
               "fileName": "ICSBank_war.ear/ICSBank.war/WEB-INF/lib/derby.jar/org/apache/derby/loc/m28_en.properties",
               "details": [
                  {
                     "reference": null,
                     "match": "(.*)?\\.properties",
                     "lineNumber": 0
                  }
               ]
            },
            {
               "fileName": "ICSBank_war.ear/ICSBank.war/WEB-INF/lib/derby.jar/org/apache/derby/loc/m29_en.properties",
               "details": [
                  {
                     "reference": null,
                     "match": "(.*)?\\.properties",
                     "lineNumber": 0
                  }
               ]
            },
            {
               "fileName": "ICSBank_war.ear/ICSBank.war/WEB-INF/lib/derby.jar/org/apache/derby/loc/m2_en.properties",
               "details": [
                  {
                     "reference": null,
                     "match": "(.*)?\\.properties",
                     "lineNumber": 0
                  }
               ]
            },
            {
               "fileName": "ICSBank_war.ear/ICSBank.war/WEB-INF/lib/derby.jar/org/apache/derby/loc/m30_en.properties",
               "details": [
                  {
                     "reference": null,
                     "match": "(.*)?\\.properties",
                     "lineNumber": 0
                  }
               ]
            },
            {
               "fileName": "ICSBank_war.ear/ICSBank.war/WEB-INF/lib/derby.jar/org/apache/derby/loc/m31_en.properties",
               "details": [
                  {
                     "reference": null,
                     "match": "(.*)?\\.properties",
                     "lineNumber": 0
                  }
               ]
            },
            {
               "fileName": "ICSBank_war.ear/ICSBank.war/WEB-INF/lib/derby.jar/org/apache/derby/loc/m32_en.properties",
               "details": [
                  {
                     "reference": null,
                     "match": "(.*)?\\.properties",
                     "lineNumber": 0
                  }
               ]
            },
            {
               "fileName": "ICSBank_war.ear/ICSBank.war/WEB-INF/lib/derby.jar/org/apache/derby/loc/m33_en.properties",
               "details": [
                  {
                     "reference": null,
                     "match": "(.*)?\\.properties",
                     "lineNumber": 0
                  }
               ]
            },
            {
               "fileName": "ICSBank_war.ear/ICSBank.war/WEB-INF/lib/derby.jar/org/apache/derby/loc/m34_en.properties",
               "details": [
                  {
                     "reference": null,
                     "match": "(.*)?\\.properties",
                     "lineNumber": 0
                  }
               ]
            },
            {
               "fileName": "ICSBank_war.ear/ICSBank.war/WEB-INF/lib/derby.jar/org/apache/derby/loc/m35_en.properties",
               "details": [
                  {
                     "reference": null,
                     "match": "(.*)?\\.properties",
                     "lineNumber": 0
                  }
               ]
            },
            {
               "fileName": "ICSBank_war.ear/ICSBank.war/WEB-INF/lib/derby.jar/org/apache/derby/loc/m36_en.properties",
               "details": [
                  {
                     "reference": null,
                     "match": "(.*)?\\.properties",
                     "lineNumber": 0
                  }
               ]
            },
            {
               "fileName": "ICSBank_war.ear/ICSBank.war/WEB-INF/lib/derby.jar/org/apache/derby/loc/m37_en.properties",
               "details": [
                  {
                     "reference": null,
                     "match": "(.*)?\\.properties",
                     "lineNumber": 0
                  }
               ]
            },
            {
               "fileName": "ICSBank_war.ear/ICSBank.war/WEB-INF/lib/derby.jar/org/apache/derby/loc/m38_en.properties",
               "details": [
                  {
                     "reference": null,
                     "match": "(.*)?\\.properties",
                     "lineNumber": 0
                  }
               ]
            },
            {
               "fileName": "ICSBank_war.ear/ICSBank.war/WEB-INF/lib/derby.jar/org/apache/derby/loc/m39_en.properties",
               "details": [
                  {
                     "reference": null,
                     "match": "(.*)?\\.properties",
                     "lineNumber": 0
                  }
               ]
            },
            {
               "fileName": "ICSBank_war.ear/ICSBank.war/WEB-INF/lib/derby.jar/org/apache/derby/loc/m3_en.properties",
               "details": [
                  {
                     "reference": null,
                     "match": "(.*)?\\.properties",
                     "lineNumber": 0
                  }
               ]
            },
            {
               "fileName": "ICSBank_war.ear/ICSBank.war/WEB-INF/lib/derby.jar/org/apache/derby/loc/m40_en.properties",
               "details": [
                  {
                     "reference": null,
                     "match": "(.*)?\\.properties",
                     "lineNumber": 0
                  }
               ]
            },
            {
               "fileName": "ICSBank_war.ear/ICSBank.war/WEB-INF/lib/derby.jar/org/apache/derby/loc/m41_en.properties",
               "details": [
                  {
                     "reference": null,
                     "match": "(.*)?\\.properties",
                     "lineNumber": 0
                  }
               ]
            },
            {
               "fileName": "ICSBank_war.ear/ICSBank.war/WEB-INF/lib/derby.jar/org/apache/derby/loc/m42_en.properties",
               "details": [
                  {
                     "reference": null,
                     "match": "(.*)?\\.properties",
                     "lineNumber": 0
                  }
               ]
            },
            {
               "fileName": "ICSBank_war.ear/ICSBank.war/WEB-INF/lib/derby.jar/org/apache/derby/loc/m43_en.properties",
               "details": [
                  {
                     "reference": null,
                     "match": "(.*)?\\.properties",
                     "lineNumber": 0
                  }
               ]
            },
            {
               "fileName": "ICSBank_war.ear/ICSBank.war/WEB-INF/lib/derby.jar/org/apache/derby/loc/m44_en.properties",
               "details": [
                  {
                     "reference": null,
                     "match": "(.*)?\\.properties",
                     "lineNumber": 0
                  }
               ]
            },
            {
               "fileName": "ICSBank_war.ear/ICSBank.war/WEB-INF/lib/derby.jar/org/apache/derby/loc/m45_en.properties",
               "details": [
                  {
                     "reference": null,
                     "match": "(.*)?\\.properties",
                     "lineNumber": 0
                  }
               ]
            },
            {
               "fileName": "ICSBank_war.ear/ICSBank.war/WEB-INF/lib/derby.jar/org/apache/derby/loc/m46_en.properties",
               "details": [
                  {
                     "reference": null,
                     "match": "(.*)?\\.properties",
                     "lineNumber": 0
                  }
               ]
            },
            {
               "fileName": "ICSBank_war.ear/ICSBank.war/WEB-INF/lib/derby.jar/org/apache/derby/loc/m47_en.properties",
               "details": [
                  {
                     "reference": null,
                     "match": "(.*)?\\.properties",
                     "lineNumber": 0
                  }
               ]
            },
            {
               "fileName": "ICSBank_war.ear/ICSBank.war/WEB-INF/lib/derby.jar/org/apache/derby/loc/m48_en.properties",
               "details": [
                  {
                     "reference": null,
                     "match": "(.*)?\\.properties",
                     "lineNumber": 0
                  }
               ]
            },
            {
               "fileName": "ICSBank_war.ear/ICSBank.war/WEB-INF/lib/derby.jar/org/apache/derby/loc/m49_en.properties",
               "details": [
                  {
                     "reference": null,
                     "match": "(.*)?\\.properties",
                     "lineNumber": 0
                  }
               ]
            },
            {
               "fileName": "ICSBank_war.ear/ICSBank.war/WEB-INF/lib/derby.jar/org/apache/derby/loc/m4_en.properties",
               "details": [
                  {
                     "reference": null,
                     "match": "(.*)?\\.properties",
                     "lineNumber": 0
                  }
               ]
            },
            {
               "fileName": "ICSBank_war.ear/ICSBank.war/WEB-INF/lib/derby.jar/org/apache/derby/loc/m5_en.properties",
               "details": [
                  {
                     "reference": null,
                     "match": "(.*)?\\.properties",
                     "lineNumber": 0
                  }
               ]
            },
            {
               "fileName": "ICSBank_war.ear/ICSBank.war/WEB-INF/lib/derby.jar/org/apache/derby/loc/m6_en.properties",
               "details": [
                  {
                     "reference": null,
                     "match": "(.*)?\\.properties",
                     "lineNumber": 0
                  }
               ]
            },
            {
               "fileName": "ICSBank_war.ear/ICSBank.war/WEB-INF/lib/derby.jar/org/apache/derby/loc/m7_en.properties",
               "details": [
                  {
                     "reference": null,
                     "match": "(.*)?\\.properties",
                     "lineNumber": 0
                  }
               ]
            },
            {
               "fileName": "ICSBank_war.ear/ICSBank.war/WEB-INF/lib/derby.jar/org/apache/derby/loc/m8_en.properties",
               "details": [
                  {
                     "reference": null,
                     "match": "(.*)?\\.properties",
                     "lineNumber": 0
                  }
               ]
            },
            {
               "fileName": "ICSBank_war.ear/ICSBank.war/WEB-INF/lib/derby.jar/org/apache/derby/loc/m9_en.properties",
               "details": [
                  {
                     "reference": null,
                     "match": "(.*)?\\.properties",
                     "lineNumber": 0
                  }
               ]
            },
            {
               "fileName": "ICSBank_war.ear/ICSBank.war/WEB-INF/lib/derby.jar/org/apache/derby/loc/sysinfoMessages.properties",
               "details": [
                  {
                     "reference": null,
                     "match": "(.*)?\\.properties",
                     "lineNumber": 0
                  }
               ]
            },
            {
               "fileName": "ICSBank_war.ear/ICSBank.war/WEB-INF/lib/derby.jar/org/apache/derby/loc/toolsmessages.properties",
               "details": [
                  {
                     "reference": null,
                     "match": "(.*)?\\.properties",
                     "lineNumber": 0
                  }
               ]
            },
            {
               "fileName": "ICSBank_war.ear/ICSBank.war/WEB-INF/lib/derby.jar/org/apache/derby/modules.properties",
               "details": [
                  {
                     "reference": null,
                     "match": "(.*)?\\.properties",
                     "lineNumber": 0
                  }
               ]
            },
            {
               "fileName": "ICSBank_war.ear/ICSBank.war/WEB-INF/lib/javax.servlet_2.5.0.v200910301333.jar/javax/servlet/LocalStrings.properties",
               "details": [
                  {
                     "reference": null,
                     "match": "(.*)?\\.properties",
                     "lineNumber": 0
                  }
               ]
            },
            {
               "fileName": "ICSBank_war.ear/ICSBank.war/WEB-INF/lib/javax.servlet_2.5.0.v200910301333.jar/javax/servlet/LocalStrings_fr.properties",
               "details": [
                  {
                     "reference": null,
                     "match": "(.*)?\\.properties",
                     "lineNumber": 0
                  }
               ]
            },
            {
               "fileName": "ICSBank_war.ear/ICSBank.war/WEB-INF/lib/javax.servlet_2.5.0.v200910301333.jar/javax/servlet/LocalStrings_ja.properties",
               "details": [
                  {
                     "reference": null,
                     "match": "(.*)?\\.properties",
                     "lineNumber": 0
                  }
               ]
            },
            {
               "fileName": "ICSBank_war.ear/ICSBank.war/WEB-INF/lib/javax.servlet_2.5.0.v200910301333.jar/javax/servlet/http/LocalStrings.properties",
               "details": [
                  {
                     "reference": null,
                     "match": "(.*)?\\.properties",
                     "lineNumber": 0
                  }
               ]
            },
            {
               "fileName": "ICSBank_war.ear/ICSBank.war/WEB-INF/lib/javax.servlet_2.5.0.v200910301333.jar/javax/servlet/http/LocalStrings_es.properties",
               "details": [
                  {
                     "reference": null,
                     "match": "(.*)?\\.properties",
                     "lineNumber": 0
                  }
               ]
            },
            {
               "fileName": "ICSBank_war.ear/ICSBank.war/WEB-INF/lib/javax.servlet_2.5.0.v200910301333.jar/javax/servlet/http/LocalStrings_fr.properties",
               "details": [
                  {
                     "reference": null,
                     "match": "(.*)?\\.properties",
                     "lineNumber": 0
                  }
               ]
            },
            {
               "fileName": "ICSBank_war.ear/ICSBank.war/WEB-INF/lib/javax.servlet_2.5.0.v200910301333.jar/javax/servlet/http/LocalStrings_ja.properties",
               "details": [
                  {
                     "reference": null,
                     "match": "(.*)?\\.properties",
                     "lineNumber": 0
                  }
               ]
            },
            {
               "fileName": "ICSBank_war.ear/ICSBank.war/WEB-INF/lib/javax.servlet_2.5.0.v200910301333.jar/plugin.properties",
               "details": [
                  {
                     "reference": null,
                     "match": "(.*)?\\.properties",
                     "lineNumber": 0
                  }
               ]
            },
            {
               "fileName": "ICSBank_war.ear/ICSBank.war/WEB-INF/lib/junit.jar/junit/runner/BaseTestRunner.class",
               "details": [
                  {
                     "reference": "Method readPreferences",
                     "match": "java.util.Properties.load(*)",
                     "lineNumber": 240
                  }
               ]
            },
            {
               "fileName": "ICSBank_war.ear/ICSBank.war/WEB-INF/lib/junit.jar/junit/runner/TestCaseClassLoader.class",
               "details": [
                  {
                     "reference": "Method readExcludedPackages",
                     "match": "java.util.Properties.load(*)",
                     "lineNumber": 218
                  }
               ]
            },
            {
               "fileName": "ICSBank_war.ear/ICSBank.war/WEB-INF/lib/junit.jar/junit/runner/excluded.properties",
               "details": [
                  {
                     "reference": null,
                     "match": "(.*)?\\.properties",
                     "lineNumber": 0
                  }
               ]
            },
            {
               "fileName": "ICSBank_war.ear/ICSBank.war/WEB-INF/lib/org.mortbay.jetty.server_6.1.23.v201004211559.jar/org/mortbay/jetty/encoding.properties",
               "details": [
                  {
                     "reference": null,
                     "match": "(.*)?\\.properties",
                     "lineNumber": 0
                  }
               ]
            },
            {
               "fileName": "ICSBank_war.ear/ICSBank.war/WEB-INF/lib/org.mortbay.jetty.server_6.1.23.v201004211559.jar/org/mortbay/jetty/mime.properties",
               "details": [
                  {
                     "reference": null,
                     "match": "(.*)?\\.properties",
                     "lineNumber": 0
                  }
               ]
            }
         ]
      },
      {
         "ruleName": "Managing data inside and between Docker containers",
         "ruleId": "FileSystemRule",
         "severity": "Warning",
         "category": "Docker (IBM Cloud Kubernetes Service)",
         "results": [
            {
               "fileName": "ICSBank_war.ear/ICSBank.war/WEB-INF/lib/db2jcc4-10.1.jar/COM/ibm/db2/app/DB2Struct.class",
               "details": [
                  {
                     "reference": "Method error",
                     "match": "java.io.FileWriter",
                     "lineNumber": 330
                  },
                  {
                     "reference": "Method error",
                     "match": "java.io.FileWriter",
                     "lineNumber": 331
                  },
                  {
                     "reference": "Method error",
                     "match": "java.io.FileWriter",
                     "lineNumber": 332
                  },
                  {
                     "reference": "Method loadTypeMap",
                     "match": "java.io.FileWriter",
                     "lineNumber": 242
                  },
                  {
                     "reference": "Method loadTypeMap",
                     "match": "java.io.FileWriter",
                     "lineNumber": 267
                  },
                  {
                     "reference": "Method loadTypeMap",
                     "match": "java.io.FileWriter",
                     "lineNumber": 268
                  }
               ]
            },
            {
               "fileName": "ICSBank_war.ear/ICSBank.war/WEB-INF/lib/db2jcc4-10.1.jar/COM/ibm/db2/app/DB2StructConstant.class",
               "details": [
                  {
                     "reference": "Method print",
                     "match": "java.io.FileWriter",
                     "lineNumber": 284
                  },
                  {
                     "reference": "Method print",
                     "match": "java.io.FileWriter",
                     "lineNumber": 285
                  },
                  {
                     "reference": "Method print",
                     "match": "java.io.FileWriter",
                     "lineNumber": 286
                  }
               ]
            },
            {
               "fileName": "ICSBank_war.ear/ICSBank.war/WEB-INF/lib/junit.jar/junit/runner/BaseTestRunner.class",
               "details": [
                  {
                     "reference": "Method savePreferences",
                     "match": "java.io.FileOutputStream",
                     "lineNumber": 57
                  },
                  {
                     "reference": "Method savePreferences",
                     "match": "java.io.FileOutputStream",
                     "lineNumber": 62
                  },
                  {
                     "reference": "Method savePreferences",
                     "match": "java.io.FileOutputStream",
                     "lineNumber": 64
                  }
               ]
            },
            {
               "fileName": "ICSBank_war.ear/ICSBank.war/WEB-INF/lib/junit.jar/junit/swingui/TestRunner.class",
               "details": [
                  {
                     "reference": "Method saveHistory",
                     "match": "java.io.FileWriter",
                     "lineNumber": 723
                  }
               ]
            }
         ]
      },
      {
         "ruleName": "The use of java.sql.Driver and java.sql.DriverManager interfaces requires configuration ",
         "ruleId": "SqlDriverRule",
         "severity": "Severe",
         "category": "WebSphere traditional to Liberty",
         "results": [
            {
               "fileName": "ICSBank_war.ear/ICSBank.war/WEB-INF/classes/com/jke/db/connection/JKE_DB_DB2.class",
               "details": [
                  {
                     "reference": "Method jdbcConnect",
                     "match": "java.sql.DriverManager.getConnection(*)",
                     "lineNumber": 153
                  },
                  {
                     "reference": "Method shutdown",
                     "match": "java.sql.DriverManager.getConnection(*)",
                     "lineNumber": 100
                  }
               ]
            },
            {
               "fileName": "ICSBank_war.ear/ICSBank.war/WEB-INF/classes/com/jke/db/connection/JKE_DB_Derby.class",
               "details": [
                  {
                     "reference": "Method jdbcConnect",
                     "match": "java.sql.DriverManager.getConnection(*)",
                     "lineNumber": 139
                  },
                  {
                     "reference": "Method shutdown",
                     "match": "java.sql.DriverManager.getConnection(*)",
                     "lineNumber": 83
                  }
               ]
            },
            {
               "fileName": "ICSBank_war.ear/ICSBank.war/WEB-INF/classes/com/jke/db/connection/JKE_DB_MySQL.class",
               "details": [
                  {
                     "reference": "Method jdbcConnect",
                     "match": "java.sql.DriverManager.getConnection(*)",
                     "lineNumber": 148
                  },
                  {
                     "reference": "Method shutdown",
                     "match": "java.sql.DriverManager.getConnection(*)",
                     "lineNumber": 96
                  }
               ]
            }
         ]
      },
      {
         "ruleName": "Validate the URL host and port for cloud access",
         "ruleId": "URLRuleDockerCloud",
         "severity": "Warning",
         "category": "Connectivity considerations for IBM Cloud (Docker and WebSphere in IBM Cloud)",
         "results": [
            {
               "fileName": "ICSBank_war.ear/ICSBank.war/WEB-INF/classes/com/jke/logic/StockQuoteLogic.class",
               "details": [
                  {
                     "reference": "Method getQuote",
                     "match": "http://www.google.com/ig/api?stock=",
                     "lineNumber": 26
                  }
               ]
            },
            {
               "fileName": "ICSBank_war.ear/ICSBank.war/WEB-INF/classes/com/jke/organizations/AmericanCancerSociety.class",
               "details": [
                  {
                     "reference": "Constructor",
                     "match": "http://www.cancer.org/",
                     "lineNumber": 17
                  }
               ]
            },
            {
               "fileName": "ICSBank_war.ear/ICSBank.war/WEB-INF/classes/com/jke/organizations/Care.class",
               "details": [
                  {
                     "reference": "Constructor",
                     "match": "http://www.care.org/",
                     "lineNumber": 17
                  }
               ]
            },
            {
               "fileName": "ICSBank_war.ear/ICSBank.war/WEB-INF/classes/com/jke/organizations/RedCross.class",
               "details": [
                  {
                     "reference": "Constructor",
                     "match": "http://www.redcross.org/",
                     "lineNumber": 17
                  }
               ]
            },
            {
               "fileName": "ICSBank_war.ear/ICSBank.war/WEB-INF/classes/com/jke/organizations/SalvationArmy.class",
               "details": [
                  {
                     "reference": "Constructor",
                     "match": "http://www.salvationarmyusa.org/usn/www_usn_2.nsf",
                     "lineNumber": 17
                  }
               ]
            }
         ]
      }
   ]
}