{
  "appsToScan_user": [
    ""
  ],
  "ignoreMissingSharedLibrary": false,
  "productInf": [
    {
      "buildLevel": "cf121726.02",
      "version": "8.5.5.12",
      "id": "ND",
      "name": "IBM WebSphere Application Server Network Deployment",
      "buildDate": "6/27/17"
    }
  ],
  "ignoreMissingBinary": false,
  "profiles": [
    {
      "assessUnitNames": [
        "DefaultApplication.ear",
        "ICSBank_war.ear",
        "ModResorts_war.ear"
      ],
      "appsInfo": [
        {
          "server": "",
          "path": "/opt/IBM/WebSphere/AppServer/profiles/Dmgr01/config/cells/donor1Cell02/applications/DefaultApplication.ear/DefaultApplication.ear",
          "name": "DefaultApplication.ear",
          "hasSharedLibrary": false
        },
        {
          "server": "TradeCluster",
          "path": "/opt/IBM/WebSphere/AppServer/profiles/Dmgr01/config/cells/donor1Cell02/applications/ICSBank_war.ear/ICSBank_war.ear",
          "name": "ICSBank_war.ear",
          "hasSharedLibrary": false
        },
        {
          "server": "TradeCluster",
          "path": "/opt/IBM/WebSphere/AppServer/profiles/Dmgr01/config/cells/donor1Cell02/applications/ModResorts_war.ear/ModResorts_war.ear",
          "name": "ModResorts_war.ear",
          "hasSharedLibrary": false
        }
      ],
      "contextRoots": {
        "ModResorts_war.ear": {
          "ModResorts.war": "/resorts"
        },
        "ICSBank_war.ear": {
          "ICSBank.war": "ICSBank"
        },
        "DefaultApplication.ear": {
          "DefaultWebApplication.war": "/"
        }
      },
      "archive": {
        "middleware": "was",
        "domain": "javaAppServer",
        "host": "donor1.fyre.ibm.com",
        "dcVersion": "1.9.7",
        "archiveType": "profile",
        "assessmentUnits": [
          "DefaultApplication.ear",
          "ICSBank_war.ear",
          "ModResorts_war.ear"
        ],
        "archiveName": "Dmgr01"
      },
      "applications": [
        "/opt/IBM/WebSphere/AppServer/profiles/Dmgr01/config/cells/donor1Cell02/applications/DefaultApplication.ear/DefaultApplication.ear",
        "/opt/IBM/WebSphere/AppServer/profiles/Dmgr01/config/cells/donor1Cell02/applications/ICSBank_war.ear/ICSBank_war.ear",
        "/opt/IBM/WebSphere/AppServer/profiles/Dmgr01/config/cells/donor1Cell02/applications/ModResorts_war.ear/ModResorts_war.ear"
      ],
      "name": "Dmgr01",
      "cellName": "donor1Cell02",
      "profilePath": "/opt/IBM/WebSphere/AppServer/profiles/Dmgr01",
      "clusterNames": [
        "TradeCluster"
      ],
      "isStandalone": false,
      "appsFound": true,
      "servers": [
        {
          "name": "server1",
          "serverType": "APPLICATION_SERVER",
          "displayName": ""
        }
      ],
      "jarsInSharedLibarary": 0,
      "sharedLibraries": [
        {
          "classPathEntries": [],
          "scope": "servers:dmgr",
          "name": "JWLLib"
        }
      ],
      "webSphereVariables": [
        {
          "value": "nodeagent",
          "scope": "servers:nodeagent",
          "name": "WAS_SERVER_NAME"
        },
        {
          "value": "${LOG_ROOT}/server1",
          "scope": "servers:server1",
          "name": "SERVER_LOG_ROOT"
        },
        {
          "value": "server1",
          "scope": "servers:server1",
          "name": "WAS_SERVER_NAME"
        },
        {
          "value": "${LOG_ROOT}/TradeServer1",
          "scope": "servers:TradeServer1",
          "name": "SERVER_LOG_ROOT"
        },
        {
          "value": "TradeServer1",
          "scope": "servers:TradeServer1",
          "name": "WAS_SERVER_NAME"
        },
        {
          "value": "/opt/IBM/WebSphere/AppServer",
          "scope": "nodes:donor1Node01",
          "name": "WAS_INSTALL_ROOT"
        },
        {
          "value": "/opt/IBM/WebSphere/AppServer/profiles/AppSrv02",
          "scope": "nodes:donor1Node01",
          "name": "USER_INSTALL_ROOT"
        },
        {
          "value": "${WAS_INSTALL_ROOT}/lib",
          "scope": "nodes:donor1Node01",
          "name": "WAS_LIBS_DIR"
        },
        {
          "value": "${USER_INSTALL_ROOT}/properties",
          "scope": "nodes:donor1Node01",
          "name": "WAS_PROPS_DIR"
        },
        {
          "value": "${USER_INSTALL_ROOT}/temp",
          "scope": "nodes:donor1Node01",
          "name": "WAS_TEMP_DIR"
        },
        {
          "value": "${USER_INSTALL_ROOT}/installedApps",
          "scope": "nodes:donor1Node01",
          "name": "APP_INSTALL_ROOT"
        },
        {
          "value": "${USER_INSTALL_ROOT}/logs",
          "scope": "nodes:donor1Node01",
          "name": "LOG_ROOT"
        },
        {
          "value": "${WAS_INSTALL_ROOT}",
          "scope": "nodes:donor1Node01",
          "name": "DRIVER_PATH"
        },
        {
          "value": "${WAS_INSTALL_ROOT}/java",
          "scope": "nodes:donor1Node01",
          "name": "JAVA_HOME"
        },
        {
          "value": "${WAS_INSTALL_ROOT}/lib/WMQ",
          "scope": "nodes:donor1Node01",
          "name": "MQ_INSTALL_ROOT"
        },
        {
          "value": "${WAS_INSTALL_ROOT}/deploytool/itp",
          "scope": "nodes:donor1Node01",
          "name": "DEPLOY_TOOL_ROOT"
        },
        {
          "value": "${USER_INSTALL_ROOT}/installedConnectors",
          "scope": "nodes:donor1Node01",
          "name": "CONNECTOR_INSTALL_ROOT"
        },
        {
          "value": "${USER_INSTALL_ROOT}/etc",
          "scope": "nodes:donor1Node01",
          "name": "WAS_ETC_DIR"
        },
        {
          "value": "${WAS_INSTALL_ROOT}/universalDriver/lib",
          "scope": "nodes:donor1Node01",
          "name": "UNIVERSAL_JDBC_DRIVER_PATH"
        },
        {
          "value": "${WAS_INSTALL_ROOT}/derby/lib",
          "scope": "nodes:donor1Node01",
          "name": "DERBY_JDBC_DRIVER_PATH"
        },
        {
          "value": "$(was.install.library)",
          "scope": "nodes:donor1Node01",
          "name": "WAS_INSTALL_LIBRARY"
        },
        {
          "value": "localhost",
          "scope": "nodes:donor1Node01",
          "name": "LOCALHOST_NAME"
        },
        {
          "value": "ibmARS.ear",
          "scope": "nodes:donor1Node01",
          "name": "ARS_NAME"
        },
        {
          "value": "nodeagent",
          "scope": "servers:nodeagent",
          "name": "WAS_SERVER_NAME"
        },
        {
          "value": "${LOG_ROOT}/TradeServer3",
          "scope": "servers:TradeServer3",
          "name": "SERVER_LOG_ROOT"
        },
        {
          "value": "TradeServer3",
          "scope": "servers:TradeServer3",
          "name": "WAS_SERVER_NAME"
        },
        {
          "value": "${LOG_ROOT}/server1",
          "scope": "servers:server1",
          "name": "SERVER_LOG_ROOT"
        },
        {
          "value": "server1",
          "scope": "servers:server1",
          "name": "WAS_SERVER_NAME"
        },
        {
          "value": "/opt/IBM/WebSphere/AppServer",
          "scope": "nodes:ruff1Node01",
          "name": "WAS_INSTALL_ROOT"
        },
        {
          "value": "/opt/IBM/WebSphere/AppServer/profiles/AppSrv01",
          "scope": "nodes:ruff1Node01",
          "name": "USER_INSTALL_ROOT"
        },
        {
          "value": "${WAS_INSTALL_ROOT}/lib",
          "scope": "nodes:ruff1Node01",
          "name": "WAS_LIBS_DIR"
        },
        {
          "value": "${USER_INSTALL_ROOT}/properties",
          "scope": "nodes:ruff1Node01",
          "name": "WAS_PROPS_DIR"
        },
        {
          "value": "${USER_INSTALL_ROOT}/temp",
          "scope": "nodes:ruff1Node01",
          "name": "WAS_TEMP_DIR"
        },
        {
          "value": "${USER_INSTALL_ROOT}/installedApps",
          "scope": "nodes:ruff1Node01",
          "name": "APP_INSTALL_ROOT"
        },
        {
          "value": "${USER_INSTALL_ROOT}/logs",
          "scope": "nodes:ruff1Node01",
          "name": "LOG_ROOT"
        },
        {
          "value": "${WAS_INSTALL_ROOT}",
          "scope": "nodes:ruff1Node01",
          "name": "DRIVER_PATH"
        },
        {
          "value": "${WAS_INSTALL_ROOT}/java",
          "scope": "nodes:ruff1Node01",
          "name": "JAVA_HOME"
        },
        {
          "value": "${WAS_INSTALL_ROOT}/lib/WMQ",
          "scope": "nodes:ruff1Node01",
          "name": "MQ_INSTALL_ROOT"
        },
        {
          "value": "${WAS_INSTALL_ROOT}/deploytool/itp",
          "scope": "nodes:ruff1Node01",
          "name": "DEPLOY_TOOL_ROOT"
        },
        {
          "value": "${USER_INSTALL_ROOT}/installedConnectors",
          "scope": "nodes:ruff1Node01",
          "name": "CONNECTOR_INSTALL_ROOT"
        },
        {
          "value": "${USER_INSTALL_ROOT}/etc",
          "scope": "nodes:ruff1Node01",
          "name": "WAS_ETC_DIR"
        },
        {
          "value": "${WAS_INSTALL_ROOT}/universalDriver/lib",
          "scope": "nodes:ruff1Node01",
          "name": "UNIVERSAL_JDBC_DRIVER_PATH"
        },
        {
          "value": "${WAS_INSTALL_ROOT}/derby/lib",
          "scope": "nodes:ruff1Node01",
          "name": "DERBY_JDBC_DRIVER_PATH"
        },
        {
          "value": "$(was.install.library)",
          "scope": "nodes:ruff1Node01",
          "name": "WAS_INSTALL_LIBRARY"
        },
        {
          "value": "localhost",
          "scope": "nodes:ruff1Node01",
          "name": "LOCALHOST_NAME"
        },
        {
          "value": "ibmARS.ear",
          "scope": "nodes:ruff1Node01",
          "name": "ARS_NAME"
        },
        {
          "value": "${LOG_ROOT}/dmgr",
          "scope": "servers:dmgr",
          "name": "SERVER_LOG_ROOT"
        },
        {
          "value": "dmgr",
          "scope": "servers:dmgr",
          "name": "WAS_SERVER_NAME"
        },
        {
          "value": "/opt/IBM/WebSphere/AppServer",
          "scope": "nodes:donor1CellManager02",
          "name": "WAS_INSTALL_ROOT"
        },
        {
          "value": "/opt/IBM/WebSphere/AppServer/profiles/Dmgr01",
          "scope": "nodes:donor1CellManager02",
          "name": "USER_INSTALL_ROOT"
        },
        {
          "value": "${WAS_INSTALL_ROOT}/lib",
          "scope": "nodes:donor1CellManager02",
          "name": "WAS_LIBS_DIR"
        },
        {
          "value": "${USER_INSTALL_ROOT}/properties",
          "scope": "nodes:donor1CellManager02",
          "name": "WAS_PROPS_DIR"
        },
        {
          "value": "${USER_INSTALL_ROOT}/temp",
          "scope": "nodes:donor1CellManager02",
          "name": "WAS_TEMP_DIR"
        },
        {
          "value": "${USER_INSTALL_ROOT}/installedApps",
          "scope": "nodes:donor1CellManager02",
          "name": "APP_INSTALL_ROOT"
        },
        {
          "value": "${USER_INSTALL_ROOT}/logs",
          "scope": "nodes:donor1CellManager02",
          "name": "LOG_ROOT"
        },
        {
          "value": "${WAS_INSTALL_ROOT}",
          "scope": "nodes:donor1CellManager02",
          "name": "DRIVER_PATH"
        },
        {
          "value": "${WAS_INSTALL_ROOT}/java",
          "scope": "nodes:donor1CellManager02",
          "name": "JAVA_HOME"
        },
        {
          "value": "${WAS_INSTALL_ROOT}/lib/WMQ",
          "scope": "nodes:donor1CellManager02",
          "name": "MQ_INSTALL_ROOT"
        },
        {
          "value": "${WAS_INSTALL_ROOT}/deploytool/itp",
          "scope": "nodes:donor1CellManager02",
          "name": "DEPLOY_TOOL_ROOT"
        },
        {
          "value": "${USER_INSTALL_ROOT}/installedConnectors",
          "scope": "nodes:donor1CellManager02",
          "name": "CONNECTOR_INSTALL_ROOT"
        },
        {
          "value": "${USER_INSTALL_ROOT}/etc",
          "scope": "nodes:donor1CellManager02",
          "name": "WAS_ETC_DIR"
        },
        {
          "value": "${WAS_INSTALL_ROOT}/universalDriver/lib",
          "scope": "nodes:donor1CellManager02",
          "name": "UNIVERSAL_JDBC_DRIVER_PATH"
        },
        {
          "value": "${WAS_INSTALL_ROOT}/derby/lib",
          "scope": "nodes:donor1CellManager02",
          "name": "DERBY_JDBC_DRIVER_PATH"
        },
        {
          "value": "$(was.install.library)",
          "scope": "nodes:donor1CellManager02",
          "name": "WAS_INSTALL_LIBRARY"
        },
        {
          "value": "localhost",
          "scope": "nodes:donor1CellManager02",
          "name": "LOCALHOST_NAME"
        },
        {
          "value": "ibmARS.ear",
          "scope": "nodes:donor1CellManager02",
          "name": "ARS_NAME"
        },
        {
          "value": "${LOG_ROOT}/nodeagent",
          "scope": "servers:nodeagent",
          "name": "SERVER_LOG_ROOT"
        },
        {
          "value": "nodeagent",
          "scope": "servers:nodeagent",
          "name": "WAS_SERVER_NAME"
        },
        {
          "value": "${LOG_ROOT}/webserver1",
          "scope": "servers:webserver1",
          "name": "SERVER_LOG_ROOT"
        },
        {
          "value": "webserver1",
          "scope": "servers:webserver1",
          "name": "WAS_SERVER_NAME"
        },
        {
          "value": "/opt/IBM/HTTPServer",
          "scope": "servers:webserver1",
          "name": "WEB_INSTALL_ROOT"
        },
        {
          "value": "${LOG_ROOT}/server1",
          "scope": "servers:server1",
          "name": "SERVER_LOG_ROOT"
        },
        {
          "value": "server1",
          "scope": "servers:server1",
          "name": "WAS_SERVER_NAME"
        },
        {
          "value": "${LOG_ROOT}/TradeServer2",
          "scope": "servers:TradeServer2",
          "name": "SERVER_LOG_ROOT"
        },
        {
          "value": "TradeServer2",
          "scope": "servers:TradeServer2",
          "name": "WAS_SERVER_NAME"
        },
        {
          "value": "/opt/IBM/WebSphere/AppServer",
          "scope": "nodes:donor1Node03",
          "name": "WAS_INSTALL_ROOT"
        },
        {
          "value": "/opt/IBM/WebSphere/AppServer/profiles/AppSrv01",
          "scope": "nodes:donor1Node03",
          "name": "USER_INSTALL_ROOT"
        },
        {
          "value": "${WAS_INSTALL_ROOT}/lib",
          "scope": "nodes:donor1Node03",
          "name": "WAS_LIBS_DIR"
        },
        {
          "value": "${USER_INSTALL_ROOT}/properties",
          "scope": "nodes:donor1Node03",
          "name": "WAS_PROPS_DIR"
        },
        {
          "value": "${USER_INSTALL_ROOT}/temp",
          "scope": "nodes:donor1Node03",
          "name": "WAS_TEMP_DIR"
        },
        {
          "value": "${USER_INSTALL_ROOT}/installedApps",
          "scope": "nodes:donor1Node03",
          "name": "APP_INSTALL_ROOT"
        },
        {
          "value": "${USER_INSTALL_ROOT}/logs",
          "scope": "nodes:donor1Node03",
          "name": "LOG_ROOT"
        },
        {
          "value": "${WAS_INSTALL_ROOT}",
          "scope": "nodes:donor1Node03",
          "name": "DRIVER_PATH"
        },
        {
          "value": "${WAS_INSTALL_ROOT}/java",
          "scope": "nodes:donor1Node03",
          "name": "JAVA_HOME"
        },
        {
          "value": "${WAS_INSTALL_ROOT}/lib/WMQ",
          "scope": "nodes:donor1Node03",
          "name": "MQ_INSTALL_ROOT"
        },
        {
          "value": "${WAS_INSTALL_ROOT}/deploytool/itp",
          "scope": "nodes:donor1Node03",
          "name": "DEPLOY_TOOL_ROOT"
        },
        {
          "value": "${USER_INSTALL_ROOT}/installedConnectors",
          "scope": "nodes:donor1Node03",
          "name": "CONNECTOR_INSTALL_ROOT"
        },
        {
          "value": "${USER_INSTALL_ROOT}/etc",
          "scope": "nodes:donor1Node03",
          "name": "WAS_ETC_DIR"
        },
        {
          "value": "${WAS_INSTALL_ROOT}/universalDriver/lib",
          "scope": "nodes:donor1Node03",
          "name": "UNIVERSAL_JDBC_DRIVER_PATH"
        },
        {
          "value": "${WAS_INSTALL_ROOT}/derby/lib",
          "scope": "nodes:donor1Node03",
          "name": "DERBY_JDBC_DRIVER_PATH"
        },
        {
          "value": "$(was.install.library)",
          "scope": "nodes:donor1Node03",
          "name": "WAS_INSTALL_LIBRARY"
        },
        {
          "value": "localhost",
          "scope": "nodes:donor1Node03",
          "name": "LOCALHOST_NAME"
        },
        {
          "value": "ibmARS.ear",
          "scope": "nodes:donor1Node03",
          "name": "ARS_NAME"
        },
        {
          "value": "nodeagent",
          "scope": "servers:nodeagent",
          "name": "WAS_SERVER_NAME"
        },
        {
          "value": "${LOG_ROOT}/server1",
          "scope": "servers:server1",
          "name": "SERVER_LOG_ROOT"
        },
        {
          "value": "server1",
          "scope": "servers:server1",
          "name": "WAS_SERVER_NAME"
        },
        {
          "value": "${LOG_ROOT}/TradeServer4",
          "scope": "servers:TradeServer4",
          "name": "SERVER_LOG_ROOT"
        },
        {
          "value": "TradeServer4",
          "scope": "servers:TradeServer4",
          "name": "WAS_SERVER_NAME"
        },
        {
          "value": "/opt/IBM/WebSphere/AppServer",
          "scope": "nodes:ruff1Node02",
          "name": "WAS_INSTALL_ROOT"
        },
        {
          "value": "/opt/IBM/WebSphere/AppServer/profiles/AppSrv02",
          "scope": "nodes:ruff1Node02",
          "name": "USER_INSTALL_ROOT"
        },
        {
          "value": "${WAS_INSTALL_ROOT}/lib",
          "scope": "nodes:ruff1Node02",
          "name": "WAS_LIBS_DIR"
        },
        {
          "value": "${USER_INSTALL_ROOT}/properties",
          "scope": "nodes:ruff1Node02",
          "name": "WAS_PROPS_DIR"
        },
        {
          "value": "${USER_INSTALL_ROOT}/temp",
          "scope": "nodes:ruff1Node02",
          "name": "WAS_TEMP_DIR"
        },
        {
          "value": "${USER_INSTALL_ROOT}/installedApps",
          "scope": "nodes:ruff1Node02",
          "name": "APP_INSTALL_ROOT"
        },
        {
          "value": "${USER_INSTALL_ROOT}/logs",
          "scope": "nodes:ruff1Node02",
          "name": "LOG_ROOT"
        },
        {
          "value": "${WAS_INSTALL_ROOT}",
          "scope": "nodes:ruff1Node02",
          "name": "DRIVER_PATH"
        },
        {
          "value": "${WAS_INSTALL_ROOT}/java",
          "scope": "nodes:ruff1Node02",
          "name": "JAVA_HOME"
        },
        {
          "value": "${WAS_INSTALL_ROOT}/lib/WMQ",
          "scope": "nodes:ruff1Node02",
          "name": "MQ_INSTALL_ROOT"
        },
        {
          "value": "${WAS_INSTALL_ROOT}/deploytool/itp",
          "scope": "nodes:ruff1Node02",
          "name": "DEPLOY_TOOL_ROOT"
        },
        {
          "value": "${USER_INSTALL_ROOT}/installedConnectors",
          "scope": "nodes:ruff1Node02",
          "name": "CONNECTOR_INSTALL_ROOT"
        },
        {
          "value": "${USER_INSTALL_ROOT}/etc",
          "scope": "nodes:ruff1Node02",
          "name": "WAS_ETC_DIR"
        },
        {
          "value": "${WAS_INSTALL_ROOT}/universalDriver/lib",
          "scope": "nodes:ruff1Node02",
          "name": "UNIVERSAL_JDBC_DRIVER_PATH"
        },
        {
          "value": "${WAS_INSTALL_ROOT}/derby/lib",
          "scope": "nodes:ruff1Node02",
          "name": "DERBY_JDBC_DRIVER_PATH"
        },
        {
          "value": "$(was.install.library)",
          "scope": "nodes:ruff1Node02",
          "name": "WAS_INSTALL_LIBRARY"
        },
        {
          "value": "localhost",
          "scope": "nodes:ruff1Node02",
          "name": "LOCALHOST_NAME"
        },
        {
          "value": "ibmARS.ear",
          "scope": "nodes:ruff1Node02",
          "name": "ARS_NAME"
        },
        {
          "value": "${USER_INSTALL_ROOT}",
          "scope": "cells:donor1Cell02",
          "name": "GRID_JOBLOG_ROOT"
        },
        {
          "value": "${WAS_INSTALL_ROOT}/derby/lib",
          "scope": "cells:donor1Cell02",
          "name": "DERBY_JDBC_DRIVER_PATH"
        },
        {
          "value": "jdbc/pgc",
          "scope": "cells:donor1Cell02",
          "name": "GRID_ENDPOINT_DATASOURCE"
        },
        {
          "value": "donor1Cell02",
          "scope": "cells:donor1Cell02",
          "name": "WAS_CELL_NAME"
        },
        {
          "value": "/opt/IBM/WebSphere/AppServerCommunityEdition",
          "scope": "cells:donor1Cell02",
          "name": "GERONIMO_HOME"
        },
        {
          "value": "/usr/local/jboss",
          "scope": "cells:donor1Cell02",
          "name": "JBOSS_HOME"
        },
        {
          "value": "/usr/local/apache-tomcat",
          "scope": "cells:donor1Cell02",
          "name": "CATALINA_HOME"
        },
        {
          "value": "${WAS_INSTALL_ROOT}/wlp",
          "scope": "cells:donor1Cell02",
          "name": "WLP_INSTALL_DIR"
        },
        {
          "value": "${WLP_INSTALL_DIR}/usr",
          "scope": "cells:donor1Cell02",
          "name": "WLP_USER_DIR"
        },
        {
          "value": "${WLP_USER_DIR}/servers",
          "scope": "cells:donor1Cell02",
          "name": "WLP_OUTPUT_DIR"
        },
        {
          "value": "localhost",
          "scope": "cells:donor1Cell02",
          "name": "WEBLOGIC_ADMINHOST"
        },
        {
          "value": "7001",
          "scope": "cells:donor1Cell02",
          "name": "WEBLOGIC_ADMINPORT"
        },
        {
          "value": "t3",
          "scope": "cells:donor1Cell02",
          "name": "WEBLOGIC_ADMINPROTOCOL"
        },
        {
          "value": "${WEBLOGIC_ADMINPROTOCOL}://${WEBLOGIC_ADMINHOST}:${WEBLOGIC_ADMINPORT}",
          "scope": "cells:donor1Cell02",
          "name": "WEBLOGIC_ADMINURL"
        },
        {
          "value": "${WEBLOGIC_DOMAINDIR}",
          "scope": "cells:donor1Cell02",
          "name": "WEBLOGIC_SERVERROOT"
        },
        {
          "value": "${BEA_HOME}\\\\weblogic",
          "scope": "cells:donor1Cell02",
          "name": "WEBLOGIC_HOME"
        },
        {
          "value": "myDomain",
          "scope": "cells:donor1Cell02",
          "name": "WEBLOGIC_DOMAINNAME"
        },
        {
          "value": "${BEA_HOME}\\\\user_projects\\\\domains\\\\${WEBLOGIC_DOMAINNAME}",
          "scope": "cells:donor1Cell02",
          "name": "WEBLOGIC_DOMAINDIR"
        },
        {
          "value": "/opt/bea",
          "scope": "cells:donor1Cell02",
          "name": "BEA_HOME"
        },
        {
          "value": "${LOG_ROOT}/TradeServer1",
          "scope": "servers:V8.5MemberTemplate",
          "name": "SERVER_LOG_ROOT"
        },
        {
          "value": "TradeServer1",
          "scope": "servers:V8.5MemberTemplate",
          "name": "WAS_SERVER_NAME"
        },
        {
          "value": "${LOG_ROOT}/server1",
          "scope": "servers:defaultZOS_80X",
          "name": "SERVER_LOG_ROOT"
        },
        {
          "value": "${LOG_ROOT}/server1",
          "scope": "servers:defaultXDZOS",
          "name": "SERVER_LOG_ROOT"
        },
        {
          "value": "${LOG_ROOT}/server1",
          "scope": "servers:defaultZOS",
          "name": "SERVER_LOG_ROOT"
        },
        {
          "value": "${LOG_ROOT}/server1",
          "scope": "servers:defaultZOS_70X",
          "name": "SERVER_LOG_ROOT"
        },
        {
          "value": "${WAS_HOME}/java64",
          "scope": "servers:defaultZOS_70X",
          "name": "JAVA_HOME"
        },
        {
          "value": "${LOG_ROOT}/server1",
          "scope": "servers:DeveloperServer",
          "name": "SERVER_LOG_ROOT"
        },
        {
          "value": "server1",
          "scope": "servers:DeveloperServer",
          "name": "WAS_SERVER_NAME"
        },
        {
          "value": "${GERONIMO_HOME}/${WAS_SERVER_NAME}/var/log/geronimo.pid",
          "scope": "servers:wasce21s",
          "name": "GERONIMO_PID"
        },
        {
          "value": "${WAS_SERVER_NAME}",
          "scope": "servers:wasce21s",
          "name": "LOCAL_SERVER_NAME"
        },
        {
          "value": "-Djavax.net.ssl.keyStore\u003d${GERONIMO_HOME}/var/security/keystores/geronimo-default -Djavax.net.ssl.keyStorePassword\u003dsecret -Djavax.net.ssl.trustStore\u003d${GERONIMO_HOME}/var/security/keystores/geronimo-default -Djavax.net.ssl.trustStorePassword\u003dsecret",
          "scope": "servers:wasce21s",
          "name": "JAVA_OPTS"
        },
        {
          "value": "${GERONIMO_HOME}/${WAS_SERVER_NAME}/var/log/geronimo.pid",
          "scope": "servers:wasce20",
          "name": "GERONIMO_PID"
        },
        {
          "value": "${WAS_SERVER_NAME}",
          "scope": "servers:wasce20",
          "name": "LOCAL_SERVER_NAME"
        },
        {
          "value": "${GERONIMO_HOME}/${WAS_SERVER_NAME}/var/log/geronimo.pid",
          "scope": "servers:wasce30s",
          "name": "GERONIMO_PID"
        },
        {
          "value": "${WAS_SERVER_NAME}",
          "scope": "servers:wasce30s",
          "name": "GERONIMO_SERVER"
        },
        {
          "value": "${WAS_SERVER_NAME}",
          "scope": "servers:wasce30s",
          "name": "LOCAL_SERVER_NAME"
        },
        {
          "value": "-Djavax.net.ssl.keyStore\u003d${GERONIMO_HOME}/var/security/keystores/geronimo-default -Djavax.net.ssl.keyStorePassword\u003dsecret -Djavax.net.ssl.trustStore\u003d${GERONIMO_HOME}/var/security/keystores/geronimo-default -Djavax.net.ssl.trustStorePassword\u003dsecret",
          "scope": "servers:wasce30s",
          "name": "JAVA_OPTS"
        },
        {
          "value": "${GERONIMO_HOME}/${WAS_SERVER_NAME}/var/log/geronimo.pid",
          "scope": "servers:wasce30",
          "name": "GERONIMO_PID"
        },
        {
          "value": "${WAS_SERVER_NAME}",
          "scope": "servers:wasce30",
          "name": "GERONIMO_SERVER"
        },
        {
          "value": "${WAS_SERVER_NAME}",
          "scope": "servers:wasce30",
          "name": "LOCAL_SERVER_NAME"
        },
        {
          "value": "${GERONIMO_HOME}/${WAS_SERVER_NAME}/var/log/geronimo.pid",
          "scope": "servers:wasce2I",
          "name": "GERONIMO_PID"
        },
        {
          "value": "${WAS_SERVER_NAME}",
          "scope": "servers:wasce2I",
          "name": "LOCAL_SERVER_NAME"
        },
        {
          "value": "true",
          "scope": "servers:proxy_server_foundation_zos_80X",
          "name": "private_Enable_zWAS_for_64bit"
        },
        {
          "value": "${WAS_HOME}/java64",
          "scope": "servers:proxy_server_foundation_zos_80X",
          "name": "JAVA_HOME"
        },
        {
          "value": "true",
          "scope": "servers:http_sip_proxy_server_zos_80X",
          "name": "private_Enable_zWAS_for_64bit"
        },
        {
          "value": "${WAS_HOME}/java64",
          "scope": "servers:http_sip_proxy_server_zos_80X",
          "name": "JAVA_HOME"
        },
        {
          "value": "true",
          "scope": "servers:sip_proxy_server_zos_70X",
          "name": "private_Enable_zWAS_for_64bit"
        },
        {
          "value": "${WAS_HOME}/java64",
          "scope": "servers:sip_proxy_server_zos_70X",
          "name": "JAVA_HOME"
        },
        {
          "value": "true",
          "scope": "servers:proxy_server_foundation_zos_70X",
          "name": "private_Enable_zWAS_for_64bit"
        },
        {
          "value": "${WAS_HOME}/java64",
          "scope": "servers:proxy_server_foundation_zos_70X",
          "name": "JAVA_HOME"
        },
        {
          "value": "${WAS_HOME}/java64",
          "scope": "servers:proxy_server_zos",
          "name": "JAVA_HOME"
        },
        {
          "value": "true",
          "scope": "servers:http_sip_proxy_server_zos_70X",
          "name": "private_Enable_zWAS_for_64bit"
        },
        {
          "value": "${WAS_HOME}/java64",
          "scope": "servers:http_sip_proxy_server_zos_70X",
          "name": "JAVA_HOME"
        },
        {
          "value": "${WAS_HOME}/java64",
          "scope": "servers:proxy_server_foundation_zos",
          "name": "JAVA_HOME"
        },
        {
          "value": "${WAS_HOME}/java64",
          "scope": "servers:sip_proxy_server_zos",
          "name": "JAVA_HOME"
        },
        {
          "value": "${WAS_HOME}/java64",
          "scope": "servers:http_sip_proxy_server_zos",
          "name": "JAVA_HOME"
        },
        {
          "value": "true",
          "scope": "servers:proxy_server_zos_70X",
          "name": "private_Enable_zWAS_for_64bit"
        },
        {
          "value": "${WAS_HOME}/java64",
          "scope": "servers:proxy_server_zos_70X",
          "name": "JAVA_HOME"
        },
        {
          "value": "true",
          "scope": "servers:proxy_server_zos_80X",
          "name": "private_Enable_zWAS_for_64bit"
        },
        {
          "value": "${WAS_HOME}/java64",
          "scope": "servers:proxy_server_zos_80X",
          "name": "JAVA_HOME"
        },
        {
          "value": "true",
          "scope": "servers:sip_proxy_server_zos_80X",
          "name": "private_Enable_zWAS_for_64bit"
        },
        {
          "value": "${WAS_HOME}/java64",
          "scope": "servers:sip_proxy_server_zos_80X",
          "name": "JAVA_HOME"
        },
        {
          "value": "${WAS_SERVER_NAME}",
          "scope": "servers:jboss",
          "name": "JBOSS_PROFILE"
        },
        {
          "value": "${WAS_SERVER_NAME}",
          "scope": "servers:weblogic8x",
          "name": "WEBLOGIC_SERVERNAME"
        },
        {
          "value": "${WAS_SERVER_NAME}",
          "scope": "servers:weblogic10x",
          "name": "WEBLOGIC_SERVERNAME"
        },
        {
          "value": "${WAS_SERVER_NAME}",
          "scope": "servers:weblogic9x",
          "name": "WEBLOGIC_SERVERNAME"
        },
        {
          "value": "APPSERVER01",
          "scope": "servers:was8x",
          "name": "WAS8_PROFILE_NAME"
        },
        {
          "value": "${WAS8_HOME}/profiles/${WAS8_PROFILE_NAME}",
          "scope": "servers:was8x",
          "name": "WAS8_PROFILE_HOME"
        },
        {
          "value": "${WAS8_PROFILE_HOME}/logs",
          "scope": "servers:was8x",
          "name": "LOG_ROOT"
        },
        {
          "value": "${LOG_ROOT}/${WAS_SERVER_NAME}/${WAS_SERVER_NAME}.pid",
          "scope": "servers:was8x",
          "name": "WAS8_PID"
        },
        {
          "value": "APPSERVER01",
          "scope": "servers:was7x",
          "name": "WAS7_PROFILE_NAME"
        },
        {
          "value": "${WAS7_HOME}/profiles/${WAS7_PROFILE_NAME}",
          "scope": "servers:was7x",
          "name": "WAS7_PROFILE_HOME"
        },
        {
          "value": "${WAS7_PROFILE_HOME}/logs",
          "scope": "servers:was7x",
          "name": "LOG_ROOT"
        },
        {
          "value": "${LOG_ROOT}/${WAS_SERVER_NAME}/${WAS_SERVER_NAME}.pid",
          "scope": "servers:was7x",
          "name": "WAS7_PID"
        },
        {
          "value": "${WAS51_HOME}/logs",
          "scope": "servers:was5x",
          "name": "LOG_ROOT"
        },
        {
          "value": "${LOG_ROOT}/${WAS_SERVER_NAME}/${WAS_SERVER_NAME}.pid",
          "scope": "servers:was5x",
          "name": "WAS51_PID"
        },
        {
          "value": "APPSERVER01",
          "scope": "servers:was6x",
          "name": "WAS6_PROFILE_NAME"
        },
        {
          "value": "${WAS6_HOME}/profiles/${WAS6_PROFILE_NAME}",
          "scope": "servers:was6x",
          "name": "WAS6_PROFILE_HOME"
        },
        {
          "value": "${WAS6_PROFILE_HOME}/logs",
          "scope": "servers:was6x",
          "name": "LOG_ROOT"
        },
        {
          "value": "${LOG_ROOT}/${WAS_SERVER_NAME}/${WAS_SERVER_NAME}.pid",
          "scope": "servers:was6x",
          "name": "WAS6_PID"
        },
        {
          "value": "nodeagent",
          "scope": "servers:nodeagent",
          "name": "WAS_SERVER_NAME"
        }
      ],
      "javaVersion": "ibm6",
      "webSphereVersion": "was855",
      "serverClasspath": []
    }
  ],
  "scanNodeFlag": false
}