{
   "report": "analysis",
   "version": "1.2",
   "productVersion": "9.0",
   "productRelease": "19.0.0.2-TA1",
   "options": [
      "--sourceAppServer=was855",
      "--sourceJava=ibm6",
      "--sourceJavaEE=ee6",
      "--targetAppServer=was90",
      "--targetJava=ibm8",
      "--targetJavaEE=ee7",
      "--targetCloud=vmIBMCloud",
      "--excludePackages=com.ibm,com.informix,com.microsoft,com.sybase,com.sun,java,javax,net,oracle,org,sqlj,_ibmjsp"
   ],
   "totalRulesFlagged": 7,
   "filesAffected": 25,
   "totalResults": 26,
   "severitySummary": [
      {
         "severity": "Warning",
         "totalRulesFlagged": 4,
         "totalResults": 21
      },
      {
         "severity": "Information",
         "totalRulesFlagged": 3,
         "totalResults": 5
      }
   ],
   "applications": [
      "/opt/IBM/WebSphere/AppServer/profiles/Dmgr01/config/cells/donor1Cell02/applications/ICSBank_war.ear/ICSBank_war.ear"
   ],
   "rules": [
      {
         "ruleName": "Behavior change in month name formatting for some languages",
         "ruleId": "MonthFormattingNames",
         "severity": "Information",
         "category": "Java SE version migration / Java SE 8 compatibility impacts",
         "results": [
            {
               "fileName": "ICSBank_war.ear/ICSBank.war/WEB-INF/classes/com/jke/beans/TransactionBean.class",
               "details": [
                  {
                     "reference": "Constructor",
                     "match": "java.text.SimpleDateFormat.format(*)",
                     "lineNumber": 59
                  }
               ]
            },
            {
               "fileName": "ICSBank_war.ear/ICSBank.war/WEB-INF/lib/db2jcc4-10.1.jar/COM/ibm/db2/app/sqlejProcs.class",
               "details": [
                  {
                     "reference": "Method sqlejConvDateOut",
                     "match": "java.text.SimpleDateFormat.format(*)",
                     "lineNumber": 186
                  }
               ]
            }
         ]
      },
      {
         "ruleName": "Behavior change in rounding in NumberFormat and DecimalFormat format methods",
         "ruleId": "NumberFormatRounding",
         "severity": "Information",
         "category": "Java SE version migration / Java SE 8 compatibility impacts",
         "results": [
            {
               "fileName": "ICSBank_war.ear/ICSBank.war/WEB-INF/lib/junit.jar/junit/runner/BaseTestRunner.class",
               "details": [
                  {
                     "reference": "Method elapsedTimeAsString",
                     "match": "java.text.NumberFormat.format(double)",
                     "lineNumber": 147
                  }
               ]
            },
            {
               "fileName": "ICSBank_war.ear/ICSBank.war/WEB-INF/lib/junit.jar/junit/textui/ResultPrinter.class",
               "details": [
                  {
                     "reference": "Method elapsedTimeAsString",
                     "match": "java.text.NumberFormat.format(double)",
                     "lineNumber": 102
                  }
               ]
            }
         ]
      },
      {
         "ruleName": "CDI scans for implicit beans when there is no beans.xml file",
         "ruleId": "MissingBeansFile",
         "severity": "Warning",
         "category": "Java EE 7 / CDI",
         "results": [
            {
               "fileName": "ICSBank_war.ear/ICSBank.war",
               "details": [
                  {
                     "reference": null,
                     "match": ".*(\\.war|\\.jar)",
                     "lineNumber": 0
                  }
               ]
            },
            {
               "fileName": "ICSBank_war.ear/ICSBank.war/WEB-INF/lib/com.ibm.mq.allclient-9.0.4.0.jar",
               "details": [
                  {
                     "reference": null,
                     "match": ".*(\\.war|\\.jar)",
                     "lineNumber": 0
                  }
               ]
            },
            {
               "fileName": "ICSBank_war.ear/ICSBank.war/WEB-INF/lib/com.ibm.team.json_1.0.0.I200908182153.jar",
               "details": [
                  {
                     "reference": null,
                     "match": ".*(\\.war|\\.jar)",
                     "lineNumber": 0
                  }
               ]
            },
            {
               "fileName": "ICSBank_war.ear/ICSBank.war/WEB-INF/lib/db2jcc4-10.1.jar",
               "details": [
                  {
                     "reference": null,
                     "match": ".*(\\.war|\\.jar)",
                     "lineNumber": 0
                  }
               ]
            },
            {
               "fileName": "ICSBank_war.ear/ICSBank.war/WEB-INF/lib/db2jcc_license_cu-1.0.jar",
               "details": [
                  {
                     "reference": null,
                     "match": ".*(\\.war|\\.jar)",
                     "lineNumber": 0
                  }
               ]
            },
            {
               "fileName": "ICSBank_war.ear/ICSBank.war/WEB-INF/lib/derby.jar",
               "details": [
                  {
                     "reference": null,
                     "match": ".*(\\.war|\\.jar)",
                     "lineNumber": 0
                  }
               ]
            },
            {
               "fileName": "ICSBank_war.ear/ICSBank.war/WEB-INF/lib/javax.jms-api-2.0.1.jar",
               "details": [
                  {
                     "reference": null,
                     "match": ".*(\\.war|\\.jar)",
                     "lineNumber": 0
                  }
               ]
            },
            {
               "fileName": "ICSBank_war.ear/ICSBank.war/WEB-INF/lib/javax.servlet_2.5.0.v200910301333.jar",
               "details": [
                  {
                     "reference": null,
                     "match": ".*(\\.war|\\.jar)",
                     "lineNumber": 0
                  }
               ]
            },
            {
               "fileName": "ICSBank_war.ear/ICSBank.war/WEB-INF/lib/junit.jar",
               "details": [
                  {
                     "reference": null,
                     "match": ".*(\\.war|\\.jar)",
                     "lineNumber": 0
                  }
               ]
            },
            {
               "fileName": "ICSBank_war.ear/ICSBank.war/WEB-INF/lib/org.mortbay.jetty.server_6.1.23.v201004211559.jar",
               "details": [
                  {
                     "reference": null,
                     "match": ".*(\\.war|\\.jar)",
                     "lineNumber": 0
                  }
               ]
            },
            {
               "fileName": "ICSBank_war.ear/ICSBank.war/WEB-INF/lib/org.mortbay.jetty.util_6.1.23.v201004211559.jar",
               "details": [
                  {
                     "reference": null,
                     "match": ".*(\\.war|\\.jar)",
                     "lineNumber": 0
                  }
               ]
            }
         ]
      },
      {
         "ruleName": "Check for a behavior change for URLConnection, HttpURLConnection getInputStream method",
         "ruleId": "JREUrlConnectionGetInputStream",
         "severity": "Information",
         "category": "Java SE version migration / Java SE 7 compatibility impacts",
         "results": [
            {
               "fileName": "ICSBank_war.ear/ICSBank.war/WEB-INF/classes/com/jke/logic/StockQuoteLogic.class",
               "details": [
                  {
                     "reference": "Method getQuote",
                     "match": "java.net.URLConnection.getInputStream(*)",
                     "lineNumber": 32
                  }
               ]
            }
         ]
      },
      {
         "ruleName": "Databases",
         "ruleId": "DatabasesSQLRule",
         "severity": "Warning",
         "category": "Technology connectivity considerations for IBM Cloud",
         "results": [
            {
               "fileName": "ICSBank_war.ear/ICSBank.war/WEB-INF/classes/com/jke/db/connection/JKE_DB_DB2.class",
               "details": [
                  {
                     "reference": "Field fConnection",
                     "match": "java.sql",
                     "lineNumber": 0
                  }
               ]
            },
            {
               "fileName": "ICSBank_war.ear/ICSBank.war/WEB-INF/lib/db2jcc4-10.1.jar/COM/ibm/db2/app/DB2Struct.class",
               "details": [
                  {
                     "reference": "Constructor - Throws exception",
                     "match": "java.sql",
                     "lineNumber": 0
                  }
               ]
            }
         ]
      },
      {
         "ruleName": "Do not start unmanaged threads within the web or EJB container",
         "ruleId": "CreateThreadMethodsInWebOrEjbProject",
         "severity": "Warning",
         "category": "All application servers",
         "results": [
            {
               "fileName": "ICSBank_war.ear/ICSBank.war/WEB-INF/lib/junit.jar/junit/awtui/TestRunner.class",
               "details": [
                  {
                     "reference": "Method runSuite",
                     "match": "java.lang.Thread.start(*)",
                     "lineNumber": 512
                  }
               ]
            },
            {
               "fileName": "ICSBank_war.ear/ICSBank.war/WEB-INF/lib/junit.jar/junit/extensions/ActiveTestSuite.class",
               "details": [
                  {
                     "reference": "Method runTest",
                     "match": "java.lang.Thread.start(*)",
                     "lineNumber": 49
                  }
               ]
            },
            {
               "fileName": "ICSBank_war.ear/ICSBank.war/WEB-INF/lib/junit.jar/junit/swingui/TestRunner.class",
               "details": [
                  {
                     "reference": "Method doRunTest",
                     "match": "java.lang.Thread.start(*)",
                     "lineNumber": 719
                  }
               ]
            }
         ]
      },
      {
         "ruleName": "Validate the URL host and port for cloud access",
         "ruleId": "URLRuleDockerCloud",
         "severity": "Warning",
         "category": "Connectivity considerations for IBM Cloud (Docker and WebSphere in IBM Cloud)",
         "results": [
            {
               "fileName": "ICSBank_war.ear/ICSBank.war/WEB-INF/classes/com/jke/logic/StockQuoteLogic.class",
               "details": [
                  {
                     "reference": "Method getQuote",
                     "match": "http://www.google.com/ig/api?stock=",
                     "lineNumber": 26
                  }
               ]
            },
            {
               "fileName": "ICSBank_war.ear/ICSBank.war/WEB-INF/classes/com/jke/organizations/AmericanCancerSociety.class",
               "details": [
                  {
                     "reference": "Constructor",
                     "match": "http://www.cancer.org/",
                     "lineNumber": 17
                  }
               ]
            },
            {
               "fileName": "ICSBank_war.ear/ICSBank.war/WEB-INF/classes/com/jke/organizations/Care.class",
               "details": [
                  {
                     "reference": "Constructor",
                     "match": "http://www.care.org/",
                     "lineNumber": 17
                  }
               ]
            },
            {
               "fileName": "ICSBank_war.ear/ICSBank.war/WEB-INF/classes/com/jke/organizations/RedCross.class",
               "details": [
                  {
                     "reference": "Constructor",
                     "match": "http://www.redcross.org/",
                     "lineNumber": 17
                  }
               ]
            },
            {
               "fileName": "ICSBank_war.ear/ICSBank.war/WEB-INF/classes/com/jke/organizations/SalvationArmy.class",
               "details": [
                  {
                     "reference": "Constructor",
                     "match": "http://www.salvationarmyusa.org/usn/www_usn_2.nsf",
                     "lineNumber": 17
                  }
               ]
            }
         ]
      }
   ]
}