{
   "report": "inventory",
   "version": "2.4",
   "productVersion": "9.0",
   "productRelease": "19.0.0.2-TA1",
   "options": [
      "--excludePackages=com.ibm,com.informix,com.microsoft,com.sybase,com.sun,java,javax,net,oracle,org,sqlj,_ibmjsp"
   ],
   "applications": [
      "/opt/IBM/WebSphere/AppServer/profiles/Dmgr01/config/cells/donor1Cell02/applications/ICSBank_war.ear/ICSBank_war.ear"
   ],
   "sharedLibraries": [
   ],
   "archives": {
      "ears": 1,
      "wars": 1,
      "rars": 0,
      "ejbs": 0,
      "webFragments": 0,
      "utilityJars": 10,
      "appClients": 0
   },
   "summary": {
      "servlets": 5,
      "jsps": 0,
      "jpaEntities": 0,
      "bmpEntityBeans": 0,
      "cmpEntityBeans": 0,
      "messageDrivenBeans": 0,
      "singletonSessionBeans": 0,
      "statefulSessionBeans": 0,
      "statelessSessionBeans": 0,
      "jaxrpcConsumers": 0,
      "jaxrpcProviders": 0,
      "jaxrsConsumers": 0,
      "jaxrsProviders": 0,
      "jaxwsConsumers": 0,
      "jaxwsProviders": 0
   },
   "archiveInventory": [
      {
         "archiveName": "/opt/IBM/WebSphere/AppServer/profiles/Dmgr01/config/cells/donor1Cell02/applications/ICSBank_war.ear/ICSBank_war.ear",
         "moduleType": "Enterprise archive",
         "moduleVersion": "6.0",
         "metadataComplete": null,
         "moduleSize": 15424523,
         "archives": {
            "wars": 1,
            "rars": 0,
            "ejbs": 0,
            "utilityJars": 10,
            "appClients": 0
         },
         "summary": {
            "servlets": 5,
            "jsps": 0,
            "jpaEntities": 0,
            "bmpEntityBeans": 0,
            "cmpEntityBeans": 0,
            "messageDrivenBeans": 0,
            "singletonSessionBeans": 0,
            "statefulSessionBeans": 0,
            "statelessSessionBeans": 0,
            "jaxrpcConsumers": 0,
            "jaxrpcProviders": 0,
            "jaxrsConsumers": 0,
            "jaxrsProviders": 0,
            "jaxwsConsumers": 0,
            "jaxwsProviders": 0
         },
         "potentialDeploymentProblemsSummary": {
            "archivesContainingDuplicateClasses": 0,
            "archivesContainingJavaEEorSEClasses": 2,
            "archivesContainingConflictingOpenSourceSoftwareClasses": 0,
            "archivesContainingWebSphereClasses": 0,
            "archivesNotReferencedInTheApplication": 4,
            "archivesWithMissingDependenciesInTheApplication": 3,
            "classesWithSystemLevelJVMConfiguration": 0,
            "sharedLibrariesReferencingApplicationClasses": 0
         },
         "potentialDeploymentProblemsDetails": [
            {
               "duplicateClassesWithinClassLoader": [
               ]
            },
            {
               "duplicateClassesAcrossApplication": [
               ]
            },
            {
               "javaEEandSEClasses": [
                  {
                     "conflictingPackages": [
                        "javax.jms"
                     ],
                     "packageLocation": [
                        "ICSBank.war/WEB-INF/lib/javax.jms-api-2.0.1.jar"
                     ]
                  },
                  {
                     "conflictingPackages": [
                        "javax.servlet",
                        "javax.servlet.http"
                     ],
                     "packageLocation": [
                        "ICSBank.war/WEB-INF/lib/javax.servlet_2.5.0.v200910301333.jar"
                     ]
                  }
               ]
            },
            {
               "duplicateWebSphereClasses": [
               ]
            },
            {
               "openSourceSoftwareClasses": [
               ]
            },
            {
               "archivesNotReferenced": [
                  {
                     "archive": "ICSBank.war/WEB-INF/lib/db2jcc4-10.1.jar",
                     "referencedBy": ""
                  },
                  {
                     "archive": "ICSBank.war/WEB-INF/lib/db2jcc_license_cu-1.0.jar",
                     "referencedBy": ""
                  },
                  {
                     "archive": "ICSBank.war/WEB-INF/lib/derby.jar",
                     "referencedBy": ""
                  },
                  {
                     "archive": "ICSBank.war/WEB-INF/lib/junit.jar",
                     "referencedBy": ""
                  }
               ]
            },
            {
               "missingDependencies": [
                  {
                     "missingDependencies": [
                        "COM.ibm.db2os390.sqlj.runtime",
                        "com.ibm.zos.batch.container.support",
                        "com.ibm.zos.batch.container.support.transaction",
                        "org.ietf.jgss",
                        "sqlj.framework.error",
                        "sqlj.framework.ide",
                        "sqlj.framework.options",
                        "sqlj.mesg",
                        "sqlj.tools",
                        "sqlj.util.io",
                        "sun.io",
                        "sun.misc",
                        "sun.security.action"
                     ],
                     "archive": [
                        "ICSBank.war/WEB-INF/lib/db2jcc4-10.1.jar"
                     ]
                  },
                  {
                     "missingDependencies": [
                        "com.ibm.json.java",
                        "org.bouncycastle.asn1",
                        "org.bouncycastle.asn1.cms",
                        "org.bouncycastle.asn1.pkcs",
                        "org.bouncycastle.asn1.x509",
                        "org.bouncycastle.cert",
                        "org.bouncycastle.cert.jcajce",
                        "org.bouncycastle.cms",
                        "org.bouncycastle.cms.jcajce",
                        "org.bouncycastle.crypto",
                        "org.bouncycastle.crypto.engines",
                        "org.bouncycastle.crypto.modes",
                        "org.bouncycastle.crypto.paddings",
                        "org.bouncycastle.crypto.params",
                        "org.bouncycastle.jce.provider",
                        "org.bouncycastle.operator",
                        "org.bouncycastle.operator.jcajce",
                        "org.bouncycastle.util",
                        "org.bouncycastle.util.encoders"
                     ],
                     "archive": [
                        "ICSBank.war/WEB-INF/lib/com.ibm.mq.allclient-9.0.4.0.jar"
                     ]
                  },
                  {
                     "missingDependencies": [
                        "org.apache.xalan.serialize",
                        "org.apache.xalan.templates",
                        "org.apache.xml.utils",
                        "org.apache.xpath",
                        "org.apache.xpath.objects"
                     ],
                     "archive": [
                        "ICSBank.war/WEB-INF/lib/derby.jar"
                     ]
                  },
                  {
                     "missingDependencies": [
                        "org.osgi.framework"
                     ],
                     "archive": [
                        "ICSBank.war/WEB-INF/lib/derby.jar",
                        "ICSBank.war/WEB-INF/lib/com.ibm.mq.allclient-9.0.4.0.jar",
                        "ICSBank.war/WEB-INF/lib/db2jcc4-10.1.jar"
                     ]
                  }
               ]
            },
            {
               "classesWithSystemLevelJVMConfiguration": [
               ]
            },
            {
               "sharedLibraryDependencies": [
               ]
            }
         ],
         "performanceConsiderations": {
            "archivesThatAreCandidatesForMetadataCompleteTrueAttribute": [
            ],
            "webModulesWithExcessiveClassFiles": [
            ],
            "webModulesWithExcessiveStaticResources": [
            ]
         },
         "containedArchiveInventory": [
            {
               "archiveName": "/opt/IBM/WebSphere/AppServer/profiles/Dmgr01/config/cells/donor1Cell02/applications/ICSBank_war.ear/ICSBank_war.ear/ICSBank.war",
               "moduleType": "Web module",
               "moduleVersion": "3.0",
               "metadataComplete": "Unspecified",
               "archives": {
                  "ejbs": 0,
                  "webFragments": 0,
                  "utilityJars": 10
               },
               "summary": {
                  "servlets": 5,
                  "jsps": 0,
                  "jpaEntities": 0,
                  "bmpEntityBeans": 0,
                  "cmpEntityBeans": 0,
                  "messageDrivenBeans": 0,
                  "singletonSessionBeans": 0,
                  "statefulSessionBeans": 0,
                  "statelessSessionBeans": 0,
                  "jaxrpcConsumers": 0,
                  "jaxrpcProviders": 0,
                  "jaxrsConsumers": 0,
                  "jaxrsProviders": 0,
                  "jaxwsConsumers": 0,
                  "jaxwsProviders": 0
               },
               "containedArchiveInventory": [
                  {
                     "archiveName": "/opt/IBM/WebSphere/AppServer/profiles/Dmgr01/config/cells/donor1Cell02/applications/ICSBank_war.ear/ICSBank_war.ear/ICSBank.war/WEB-INF/lib/com.ibm.mq.allclient-9.0.4.0.jar",
                     "moduleType": "Utility JAR",
                     "containedPackages": [
                        "com.ibm.disthub2",
                        "com.ibm.jms",
                        "com.ibm.mq",
                        "com.ibm.msg"
                     ]
                  },
                  {
                     "archiveName": "/opt/IBM/WebSphere/AppServer/profiles/Dmgr01/config/cells/donor1Cell02/applications/ICSBank_war.ear/ICSBank_war.ear/ICSBank.war/WEB-INF/lib/com.ibm.team.json_1.0.0.I200908182153.jar",
                     "moduleType": "Utility JAR",
                     "containedPackages": [
                        "com.ibm.team"
                     ]
                  },
                  {
                     "archiveName": "/opt/IBM/WebSphere/AppServer/profiles/Dmgr01/config/cells/donor1Cell02/applications/ICSBank_war.ear/ICSBank_war.ear/ICSBank.war/WEB-INF/lib/db2jcc4-10.1.jar",
                     "moduleType": "Utility JAR",
                     "containedPackages": [
                        "COM.ibm.db2",
                        "COM.ibm.db2os390",
                        "com.ibm.db2",
                        "sqlj.runtime",
                        "sqlj.runtime.error",
                        "sqlj.runtime.profile",
                        "sqlj.runtime.ref",
                        "sqlj.runtime.util"
                     ]
                  },
                  {
                     "archiveName": "/opt/IBM/WebSphere/AppServer/profiles/Dmgr01/config/cells/donor1Cell02/applications/ICSBank_war.ear/ICSBank_war.ear/ICSBank.war/WEB-INF/lib/db2jcc_license_cu-1.0.jar",
                     "moduleType": "Utility JAR",
                     "containedPackages": [
                        "com.ibm.db2"
                     ]
                  },
                  {
                     "archiveName": "/opt/IBM/WebSphere/AppServer/profiles/Dmgr01/config/cells/donor1Cell02/applications/ICSBank_war.ear/ICSBank_war.ear/ICSBank.war/WEB-INF/lib/derby.jar",
                     "moduleType": "Utility JAR",
                     "containedPackages": [
                        "org.apache.derby"
                     ]
                  },
                  {
                     "archiveName": "/opt/IBM/WebSphere/AppServer/profiles/Dmgr01/config/cells/donor1Cell02/applications/ICSBank_war.ear/ICSBank_war.ear/ICSBank.war/WEB-INF/lib/javax.jms-api-2.0.1.jar",
                     "moduleType": "Utility JAR",
                     "containedPackages": [
                        "javax.jms"
                     ]
                  },
                  {
                     "archiveName": "/opt/IBM/WebSphere/AppServer/profiles/Dmgr01/config/cells/donor1Cell02/applications/ICSBank_war.ear/ICSBank_war.ear/ICSBank.war/WEB-INF/lib/javax.servlet_2.5.0.v200910301333.jar",
                     "moduleType": "Utility JAR",
                     "containedPackages": [
                        "javax.servlet",
                        "javax.servlet.http"
                     ]
                  },
                  {
                     "archiveName": "/opt/IBM/WebSphere/AppServer/profiles/Dmgr01/config/cells/donor1Cell02/applications/ICSBank_war.ear/ICSBank_war.ear/ICSBank.war/WEB-INF/lib/junit.jar",
                     "moduleType": "Utility JAR",
                     "containedPackages": [
                        "junit.awtui",
                        "junit.extensions",
                        "junit.framework",
                        "junit.runner",
                        "junit.swingui",
                        "junit.textui"
                     ]
                  },
                  {
                     "archiveName": "/opt/IBM/WebSphere/AppServer/profiles/Dmgr01/config/cells/donor1Cell02/applications/ICSBank_war.ear/ICSBank_war.ear/ICSBank.war/WEB-INF/lib/org.mortbay.jetty.server_6.1.23.v201004211559.jar",
                     "moduleType": "Utility JAR",
                     "containedPackages": [
                        "org.mortbay.io",
                        "org.mortbay.jetty",
                        "org.mortbay.resource",
                        "org.mortbay.servlet",
                        "org.mortbay.xml"
                     ]
                  },
                  {
                     "archiveName": "/opt/IBM/WebSphere/AppServer/profiles/Dmgr01/config/cells/donor1Cell02/applications/ICSBank_war.ear/ICSBank_war.ear/ICSBank.war/WEB-INF/lib/org.mortbay.jetty.util_6.1.23.v201004211559.jar",
                     "moduleType": "Utility JAR",
                     "containedPackages": [
                        "org.mortbay.component",
                        "org.mortbay.log",
                        "org.mortbay.servlet",
                        "org.mortbay.thread",
                        "org.mortbay.util"
                     ]
                  }
               ]
            }
         ]
      }
   ],
   "sharedLibraryDetails": [
   ]
}