{
   "report": "inventory",
   "version": "2.4",
   "productVersion": "9.0",
   "productRelease": "19.0.0.2-TA1",
   "options": [
      "--excludePackages=com.ibm,com.informix,com.microsoft,com.sybase,com.sun,java,javax,net,oracle,org,sqlj,_ibmjsp"
   ],
   "applications": [
      "/opt/IBM/WebSphere/AppServer/profiles/Dmgr01/config/cells/donor1Cell02/applications/ModResorts_war.ear/ModResorts_war.ear"
   ],
   "sharedLibraries": [
   ],
   "archives": {
      "ears": 1,
      "wars": 1,
      "rars": 0,
      "ejbs": 0,
      "webFragments": 0,
      "utilityJars": 0,
      "appClients": 0
   },
   "summary": {
      "servlets": 0,
      "jsps": 0,
      "jpaEntities": 0,
      "bmpEntityBeans": 0,
      "cmpEntityBeans": 0,
      "messageDrivenBeans": 0,
      "singletonSessionBeans": 0,
      "statefulSessionBeans": 0,
      "statelessSessionBeans": 0,
      "jaxrpcConsumers": 0,
      "jaxrpcProviders": 0,
      "jaxrsConsumers": 0,
      "jaxrsProviders": 0,
      "jaxwsConsumers": 0,
      "jaxwsProviders": 0
   },
   "archiveInventory": [
      {
         "archiveName": "/opt/IBM/WebSphere/AppServer/profiles/Dmgr01/config/cells/donor1Cell02/applications/ModResorts_war.ear/ModResorts_war.ear",
         "moduleType": "Enterprise archive",
         "moduleVersion": "6.0",
         "metadataComplete": null,
         "moduleSize": 6960160,
         "archives": {
            "wars": 1,
            "rars": 0,
            "ejbs": 0,
            "utilityJars": 0,
            "appClients": 0
         },
         "summary": {
            "servlets": 0,
            "jsps": 0,
            "jpaEntities": 0,
            "bmpEntityBeans": 0,
            "cmpEntityBeans": 0,
            "messageDrivenBeans": 0,
            "singletonSessionBeans": 0,
            "statefulSessionBeans": 0,
            "statelessSessionBeans": 0,
            "jaxrpcConsumers": 0,
            "jaxrpcProviders": 0,
            "jaxrsConsumers": 0,
            "jaxrsProviders": 0,
            "jaxwsConsumers": 0,
            "jaxwsProviders": 0
         },
         "potentialDeploymentProblemsSummary": {
            "archivesContainingDuplicateClasses": 0,
            "archivesContainingJavaEEorSEClasses": 0,
            "archivesContainingConflictingOpenSourceSoftwareClasses": 0,
            "archivesContainingWebSphereClasses": 0,
            "archivesNotReferencedInTheApplication": 0,
            "archivesWithMissingDependenciesInTheApplication": 0,
            "classesWithSystemLevelJVMConfiguration": 0,
            "sharedLibrariesReferencingApplicationClasses": 0
         },
         "potentialDeploymentProblemsDetails": [
            {
               "duplicateClassesWithinClassLoader": [
               ]
            },
            {
               "duplicateClassesAcrossApplication": [
               ]
            },
            {
               "javaEEandSEClasses": [
               ]
            },
            {
               "duplicateWebSphereClasses": [
               ]
            },
            {
               "openSourceSoftwareClasses": [
               ]
            },
            {
               "archivesNotReferenced": [
               ]
            },
            {
               "missingDependencies": [
               ]
            },
            {
               "classesWithSystemLevelJVMConfiguration": [
               ]
            },
            {
               "sharedLibraryDependencies": [
               ]
            }
         ],
         "performanceConsiderations": {
            "archivesThatAreCandidatesForMetadataCompleteTrueAttribute": [
               "ModResorts.war"
            ],
            "webModulesWithExcessiveClassFiles": [
            ],
            "webModulesWithExcessiveStaticResources": [
            ]
         },
         "containedArchiveInventory": [
            {
               "archiveName": "/opt/IBM/WebSphere/AppServer/profiles/Dmgr01/config/cells/donor1Cell02/applications/ModResorts_war.ear/ModResorts_war.ear/ModResorts.war",
               "moduleType": "Web module",
               "moduleVersion": "3.1",
               "metadataComplete": "Unspecified",
               "archives": {
                  "ejbs": 0,
                  "webFragments": 0,
                  "utilityJars": 0
               },
               "summary": {
                  "servlets": 0,
                  "jsps": 0,
                  "jpaEntities": 0,
                  "bmpEntityBeans": 0,
                  "cmpEntityBeans": 0,
                  "messageDrivenBeans": 0,
                  "singletonSessionBeans": 0,
                  "statefulSessionBeans": 0,
                  "statelessSessionBeans": 0,
                  "jaxrpcConsumers": 0,
                  "jaxrpcProviders": 0,
                  "jaxrsConsumers": 0,
                  "jaxrsProviders": 0,
                  "jaxwsConsumers": 0,
                  "jaxwsProviders": 0
               }
            }
         ]
      }
   ],
   "sharedLibraryDetails": [
   ]
}