{
  "isVirtual": "false",
  "assessmentUnitName": "ModResorts_war.ear",
  "middleware": "was",
  "serverXml": {
    "server": {
      "featureManager": {
        "feature": "servlet-3.0"
      },
      "variable": [
        {
          "value": "${shared.config.dir}/lib/global",
          "name": "WAS_INSTALL_ROOT"
        },
        {
          "value": "${shared.config.dir}/lib/global",
          "name": "DERBY_JDBC_DRIVER_PATH"
        }
      ],
      "httpEndpoint": {
        "host": "*",
        "httpPort": 9080,
        "id": "defaultHttpEndpoint",
        "httpsPort": 9443
      },
      "applicationManager": {
        "autoExpand": true
      }
    }
  },
  "domain": "javaAppServer",
  "host": "donor1.fyre.ibm.com",
  "dcVersion": "1.9.7",
  "archiveType": "profile",
  "archiveName": "Dmgr01"
}